Brand,Type,Icon
5.11 Tactical,High End,511.png
Airaldi Holdings,High End,airaldi.png
Alps Summit Armaments,High End,alps.png
Badger Tuff,High End,badger.png
Ceska Vyroba s.r.o.,High End,ceska.png
China Light Industries Corporation,High End,china.png
Douglas & Harding,High End,douglas.png
Fenris Group AB,High End,fenris.png
Gila Guard,High End,gila.png
Golan Gear Ltd,High End,golan.png
Grupo Sombra S.A.,High End,grupo.png
Hana-U Corporation,High End,hanau.png
Murakami Industries,High End,murakami.png
Overlord Armaments,High End,overlord.png
Petrov Defense Group,High End,petrov.png
Providence Defense,High End,providence.png
Richter & Kaiser GmbH,High End,richter.png
Sokolov Concern,High End,sokolov.png
Wyvern Wear,High End,wyvern.png
Yaahl Gear,High End,yaahl.png
Hard Wired,Gearset,hard.png
Ongoing Directive,Gearset,ongoing.png
True Patriot,Gearset,true.png
Aces & Eights,Gearset,aces.png
Negotiator's Dilemma,Gearset,negotiators.png
Tip of the Spear,Gearset,tip.png
Foundry Bulwark,Gearset,foundry.png
Future Initiative,Gearset,future.png
Striker's Battlegear,Gearset,strikers.png
System Corruption,Gearset,system.png
"Walker, Harris & Co.",High End,walker.png
Eclipse Protocol,Gearset,eclipse.png
Hunter's Fury,Gearset,hunters.png
Empress International,High End,empress.png
Rigger,Gearset,rigger.png
Belstone Armory,High End,belstone.png
Exotic,Exotic,exotic.png
Crafted,High End,crafted.png
Uzina Getica,High End,uzina.png
Heartbreaker,Gearset,heartbreaker.png
Brazos de Arcabuz,High End,brazos.png
Umbra Initiative,Gearset,umbra.png
Hotshot,Gearset,hotshot.png
Habsburg Guard,High End,habsburg.png
Electrique,High End,electrique.png
Cavalier,Gearset,cavalier.png
Lengmo,High End,lengmo.png
Ortiz: Exuro,Gearset,ortiz_exuro.png
Aegis,Gearset,aegis.png
Palisade Steelworks,High End,palisade_steelworks.png
Zwiadowka Sp. z o.o.,High End,zwiadowka.png
Breaking Point,Gearset,breaking_point.png
Legatus S.P.A,High End,legatus.png
Virtuoso,Gearset,virtuoso.png
Shiny Monkey Gear,High End,shiny_monkey_gear.png
Refactor,Gearset,refactor.png
Imminence Armaments,High End,imminence_armaments.png
Measured Assembly,Gearset,measured_assembly.png
Urban Lookout,High End,urban_lookout.png
Tipping Scales,Gearset,tipping_scales.png
Unit Alloys,High End,unit_alloys.png
Concentrated Company,Gearset,concentrated_company.png
Royal Works,High End,royal-works.png
Core Strength,Gearset,core-strength.png
Ortiz: Reficere,Gearset,ortiz_reficere.png
Edelweiss GPz,High End,edelweiss_gpz.png